{
  "id":"139"
 ,"Identification":{
    "Name":"Time Integrator"
   ,"Alias":"TIME-INTEGRATOR"
   ,"Version":"Release 1.0"
  }
 ,"Row Search":{
    "Tokenize":true
  }
 ,"Availability":{
    "Status":"Available with Developer Toolbar"
   ,"Build Status":"Run and Build Application"
  }
 ,"Error Handling":{
    "Default Display Location":"Inline with Field and in Notification"
  }
 ,"Report Printing":{
    "Type":"Native Printing"
  }
 ,"Advanced":{
    "Friendly URLs":true
   ,"Allow Feedback":true
   ,"Logging":true
   ,"Debugging":true
   ,"Compatibility Mode":"21.2 \/ 22.1 \/ 22.2"
  }
 ,"Authentication":{
    "Public User":"APEX_PUBLIC_USER"
   ,"Authentication Scheme":"Oracle APEX Accounts (22505378798663859)"
  }
 ,"Authorization":{
    "Source for Role or Group Schemes":"Access Control User Role Assignments"
  }
 ,"Session Management":{
    "Rejoin Sessions":"Disabled"
  }
 ,"Session State Protection":{
    "Enabled":true
  }
 ,"Security":{
    "Deep Linking":"Disabled"
   ,"Browser Cache":"Disabled"
   ,"Embed in Frames":"Deny"
   ,"Referrer Policy":"strict-origin"
   ,"HTML Escaping Mode":"Extended"
  }
 ,"Advanced":{
    "Pass ECID":"Y"
  }
 ,"Database Session":{
    "Parsing Schema":"ASAFE_TIME_ENTRY"
  }
 ,"Globalization":{
    "Primary Language":"English (en)"
   ,"Document Direction":"Left-To-Right"
   ,"Language Derived From":"Application Primary Language"
   ,"Automatic Time Zone":false
   ,"Automatic CSV Encoding":true
  }
 ,"Character Value Comparison":{
    "Behavior":"Database session NLS setting (default)"
  }
 ,"Logo":{
    "Type":"Text"
   ,"Text":"Time Integrator"
  }
 ,"Progressive Web App":{
    "Enable":true
   ,"Installable":false
   ,"Display":"Standalone"
   ,"Screen Orientation":"Any"
   ,"iOS Status Bar Style":"Default"
   ,"Enable Push Notifications":false
  }
 ,"Navigation":{
    "Home URL":{
      "url":"f?p=\u0026APP_ID.:1:\u0026APP_SESSION.::\u0026DEBUG.:::"
     ,"Page":"1"
    }
   ,"Login URL":{
      "url":"f?p=\u0026APP_ID.:LOGIN:\u0026APP_SESSION.::\u0026DEBUG.:::"
     ,"Page":"LOGIN"
    }
  }
 ,"Navigation Menu":{
    "List Template":"Side Navigation Menu (22669908435663950)"
   ,"Template Options":[
      "#DEFAULT#"
     ,"t-TreeNav--styleA"
     ,"js-navCollapsed--hidden"
    ]
   ,"List Position":"Side"
   ,"List":"Navigation Menu (22506119947663859)"
  }
 ,"Navigation Bar":{
    "Implementation":"List"
   ,"List":"Navigation Bar (22789910905664041)"
   ,"List Template":"Navigation Bar (22669548095663950)"
   ,"Template Options":[
      "#DEFAULT#"
    ]
  }
 ,"JavaScript":{
    "Include jQuery Migrate":false
  }
 ,"Attributes":{
    "Theme":"Universal Theme (42)"
   ,"Global Page":"0"
   ,"Enable End Users to choose Theme Style":false
   ,"Add \"Built with APEX\" to Footer":false
  }
 ,"Substitutions":[
    {
      "id":"25457025584213322"
     ,"Identification":{
        "Name":"APP_NAME"
      }
     ,"Value":{
        "Static Value":"Time Integrator"
      }
    }
  ]
}
