[
  {
    "id":"22628995634663928"
   ,"Identification":{
      "Name":"Alerts"
    }
  }
 ,{
    "id":"22629199495663928"
   ,"Identification":{
      "Name":"Badge List"
    }
  }
 ,{
    "id":"22633117702663930"
   ,"Identification":{
      "Name":"Cards"
    }
  }
 ,{
    "id":"22638500612663933"
   ,"Identification":{
      "Name":"Comments"
    }
  }
 ,{
    "id":"22639739289663934"
   ,"Identification":{
      "Name":"Content Row"
    }
  }
 ,{
    "id":"22642968134663935"
   ,"Identification":{
      "Name":"Contextual Info"
    }
  }
 ,{
    "id":"22643910376663936"
   ,"Identification":{
      "Name":"Media List"
    }
  }
 ,{
    "id":"22646930134663937"
   ,"Identification":{
      "Name":"Search Results"
    }
  }
 ,{
    "id":"22647114662663937"
   ,"Identification":{
      "Name":"Standard"
    }
  }
 ,{
    "id":"22649710868663939"
   ,"Identification":{
      "Name":"Timeline"
    }
  }
 ,{
    "id":"22650149151663939"
   ,"Identification":{
      "Name":"Value Attribute Pairs - Column"
    }
  }
 ,{
    "id":"22652128723663940"
   ,"Identification":{
      "Name":"Value Attribute Pairs - Row"
    }
  }
]
