[
  {
    "id":"22679322885663966"
   ,"Identification":{
      "Name":"Hidden"
    }
  }
 ,{
    "id":"22679406677663966"
   ,"Identification":{
      "Name":"Optional"
    }
  }
 ,{
    "id":"22679506123663966"
   ,"Identification":{
      "Name":"Optional - Above"
    }
  }
 ,{
    "id":"22679607939663966"
   ,"Identification":{
      "Name":"Optional - Floating"
    }
  }
 ,{
    "id":"22679750629663966"
   ,"Identification":{
      "Name":"Required"
    }
  }
 ,{
    "id":"22680400479663967"
   ,"Identification":{
      "Name":"Required - Above"
    }
  }
 ,{
    "id":"22680914322663967"
   ,"Identification":{
      "Name":"Required - Floating"
    }
  }
]
