[
  {
    "id":"22653912342663941"
   ,"Identification":{
      "Name":"Badge List"
    }
  }
 ,{
    "id":"22657962015663943"
   ,"Identification":{
      "Name":"Cards"
    }
  }
 ,{
    "id":"22663583325663946"
   ,"Identification":{
      "Name":"Links List"
    }
  }
 ,{
    "id":"22665102700663947"
   ,"Identification":{
      "Name":"Media List"
    }
  }
 ,{
    "id":"22667963502663949"
   ,"Identification":{
      "Name":"Menu Bar"
    }
  }
 ,{
    "id":"22668986448663949"
   ,"Identification":{
      "Name":"Menu Popup"
    }
  }
 ,{
    "id":"22669548095663950"
   ,"Identification":{
      "Name":"Navigation Bar"
    }
  }
 ,{
    "id":"22669908435663950"
   ,"Identification":{
      "Name":"Side Navigation Menu"
    }
  }
 ,{
    "id":"22671747892663951"
   ,"Identification":{
      "Name":"Tabs"
    }
  }
 ,{
    "id":"22673357365663954"
   ,"Identification":{
      "Name":"Top Navigation Mega Menu"
    }
  }
 ,{
    "id":"22675354122663956"
   ,"Identification":{
      "Name":"Top Navigation Menu"
    }
  }
 ,{
    "id":"22676314964663957"
   ,"Identification":{
      "Name":"Top Navigation Tabs"
    }
  }
 ,{
    "id":"22677957193663958"
   ,"Identification":{
      "Name":"Wizard Progress"
    }
  }
]
