[
  {
    "id":"22506432868663860"
   ,"Identification":{
      "Name":"Drawer"
    }
  }
 ,{
    "id":"22509319321663862"
   ,"Identification":{
      "Name":"Left Side Column"
    }
  }
 ,{
    "id":"22513063661663864"
   ,"Identification":{
      "Name":"Left and Right Side Columns"
    }
  }
 ,{
    "id":"22517056963663866"
   ,"Identification":{
      "Name":"Login"
    }
  }
 ,{
    "id":"22519622814663867"
   ,"Identification":{
      "Name":"Marquee"
    }
  }
 ,{
    "id":"22523673835663869"
   ,"Identification":{
      "Name":"Minimal (No Navigation)"
    }
  }
 ,{
    "id":"22527010430663871"
   ,"Identification":{
      "Name":"Modal Dialog"
    }
  }
 ,{
    "id":"22528507769663872"
   ,"Identification":{
      "Name":"Right Side Column"
    }
  }
 ,{
    "id":"22532255054663874"
   ,"Identification":{
      "Name":"Standard"
    }
  }
 ,{
    "id":"22535652294663876"
   ,"Identification":{
      "Name":"Wizard Modal Dialog"
    }
  }
]
