[
  {
    "id":"22537167211663877"
   ,"Identification":{
      "Name":"Alert"
    }
  }
 ,{
    "id":"22542334745663881"
   ,"Identification":{
      "Name":"Blank with Attributes"
    }
  }
 ,{
    "id":"22543733809663882"
   ,"Identification":{
      "Name":"Blank with Attributes (No Grid)"
    }
  }
 ,{
    "id":"22545171669663882"
   ,"Identification":{
      "Name":"Buttons Container"
    }
  }
 ,{
    "id":"22549400857663885"
   ,"Identification":{
      "Name":"Cards Container"
    }
  }
 ,{
    "id":"22551393298663886"
   ,"Identification":{
      "Name":"Carousel Container"
    }
  }
 ,{
    "id":"22561246687663891"
   ,"Identification":{
      "Name":"Collapsible"
    }
  }
 ,{
    "id":"22571069082663897"
   ,"Identification":{
      "Name":"Content Block"
    }
  }
 ,{
    "id":"22575649824663899"
   ,"Identification":{
      "Name":"Hero"
    }
  }
 ,{
    "id":"22579145805663901"
   ,"Identification":{
      "Name":"Image"
    }
  }
 ,{
    "id":"22584527567663904"
   ,"Identification":{
      "Name":"Inline Dialog"
    }
  }
 ,{
    "id":"22589129937663907"
   ,"Identification":{
      "Name":"Inline Drawer"
    }
  }
 ,{
    "id":"22593702589663909"
   ,"Identification":{
      "Name":"Inline Popup"
    }
  }
 ,{
    "id":"22599162254663912"
   ,"Identification":{
      "Name":"Interactive Report"
    }
  }
 ,{
    "id":"22601263756663913"
   ,"Identification":{
      "Name":"Item Container"
    }
  }
 ,{
    "id":"22603723791663915"
   ,"Identification":{
      "Name":"Login"
    }
  }
 ,{
    "id":"22606289673663916"
   ,"Identification":{
      "Name":"Search Results Container"
    }
  }
 ,{
    "id":"22608941161663918"
   ,"Identification":{
      "Name":"Standard"
    }
  }
 ,{
    "id":"22618782691663923"
   ,"Identification":{
      "Name":"Tabs Container"
    }
  }
 ,{
    "id":"22621319046663924"
   ,"Identification":{
      "Name":"Title Bar"
    }
  }
 ,{
    "id":"22626486208663927"
   ,"Identification":{
      "Name":"Wizard Container"
    }
  }
]
