[
  {
    "id":"22793521500664048"
   ,"Identification":{
      "Name":"Administration Rights"
    }
   ,"Authorization Scheme":{
      "Type":"PL\/SQL Function Returning Boolean"
    }
   ,"Settings":{
      "PL\/SQL Function Body":"return true;"
    }
   ,"Server Cache":{
      "Evaluation Point":"Once per Page View"
    }
   ,"Error":{
      "Error Message":"Insufficient privileges, user is not an Administrator"
    }
  }
 ,{
    "id":"22846134128052066"
   ,"Identification":{
      "Name":"Asafe Time Integration Access"
    }
   ,"Authorization Scheme":{
      "Type":"Is In Role or Group"
    }
   ,"Settings":{
      "Type":"Application Role"
     ,"Name(s)":"Asafe_Time_INTEGRATION"
    }
   ,"Server Cache":{
      "Evaluation Point":"Once per Page View"
    }
  }
]
