[
  {
    "id":"22823524481954749"
   ,"Identification":{
      "Name":"Time Integrator"
    }
   ,"Target":{
      "Type":"Table"
     ,"Table Owner":"Parsing Schema"
     ,"Table Name":"ASAFE_TIME_ENTRY_API_INPUT"
     ,"Loading Method":"Append"
    }
   ,"Error Handling":{
      "When on Error":"Stop"
    }
   ,"Advanced":{
      "Commit Interval":200
     ,"Static ID":"time_integrator"
    }
   ,"Data Profiles":{
      "id":"22822157620954748"
     ,"Identification":{
        "Name":"Time Integrator"
      }
     ,"Data Profile":{
        "Format":"CSV"
      }
     ,"Advanced":{
        "Encoding":"Western European ISO-8859-1"
       ,"CSV Enclosed By":"\""
       ,"First Line Contains Headers":true
      }
     ,"Columns":[
        {
          "id":"1319488913684057"
         ,"Identification":{
            "Column Name":"CardHolderName"
          }
         ,"Source":{
            "Type":"Data"
           ,"Data Type":"VARCHAR2"
           ,"Maximum Length":4000
           ,"Primary Key":false
          }
         ,"Parsing":{
            "Selector Type":"Name"
           ,"Selector":"CardHolderName"
          }
         ,"Advanced":{
            "Sequence":5
           ,"Hidden":false
          }
        }
       ,{
          "id":"1319839381687461"
         ,"Identification":{
            "Column Name":"CardNumber"
          }
         ,"Source":{
            "Type":"Data"
           ,"Data Type":"VARCHAR2"
           ,"Maximum Length":4000
           ,"Primary Key":false
          }
         ,"Parsing":{
            "Selector Type":"Name"
           ,"Selector":"CardNumber"
          }
         ,"Advanced":{
            "Sequence":6
           ,"Hidden":false
          }
        }
       ,{
          "id":"1320157230690028"
         ,"Identification":{
            "Column Name":"CardRaw"
          }
         ,"Source":{
            "Type":"Data"
           ,"Data Type":"VARCHAR2"
           ,"Maximum Length":4000
           ,"Primary Key":false
          }
         ,"Parsing":{
            "Selector Type":"Name"
           ,"Selector":"CardRaw"
          }
         ,"Advanced":{
            "Sequence":7
           ,"Hidden":false
          }
        }
       ,{
          "id":"1320430916691966"
         ,"Identification":{
            "Column Name":"Controller"
          }
         ,"Source":{
            "Type":"Data"
           ,"Data Type":"VARCHAR2"
           ,"Maximum Length":4000
           ,"Primary Key":false
          }
         ,"Parsing":{
            "Selector Type":"Name"
           ,"Selector":"Controller"
          }
         ,"Advanced":{
            "Sequence":8
           ,"Hidden":false
          }
        }
       ,{
          "id":"1320738333694812"
         ,"Identification":{
            "Column Name":"Event"
          }
         ,"Source":{
            "Type":"Data"
           ,"Data Type":"VARCHAR2"
           ,"Maximum Length":4000
           ,"Primary Key":false
          }
         ,"Parsing":{
            "Selector Type":"Name"
           ,"Selector":"Event"
          }
         ,"Advanced":{
            "Sequence":9
           ,"Hidden":false
          }
        }
       ,{
          "id":"22822428543954748"
         ,"Identification":{
            "Column Name":"ID"
          }
         ,"Source":{
            "Type":"Data"
           ,"Data Type":"VARCHAR2"
           ,"Maximum Length":128
           ,"Primary Key":false
          }
         ,"Parsing":{
            "Selector Type":"Name"
           ,"Selector":"ID"
          }
         ,"Advanced":{
            "Sequence":1
           ,"Hidden":false
          }
        }
       ,{
          "id":"22822724573954749"
         ,"Identification":{
            "Column Name":"CARDHOLDERID"
          }
         ,"Source":{
            "Type":"Data"
           ,"Data Type":"NUMBER"
           ,"Primary Key":false
          }
         ,"Parsing":{
            "Selector Type":"Name"
           ,"Selector":"CARDHOLDERID"
          }
         ,"Advanced":{
            "Sequence":2
           ,"Hidden":false
          }
        }
       ,{
          "id":"22823022559954749"
         ,"Identification":{
            "Column Name":"EVENTTIME"
          }
         ,"Source":{
            "Type":"Data"
           ,"Data Type":"VARCHAR2"
           ,"Maximum Length":100
           ,"Primary Key":false
          }
         ,"Parsing":{
            "Selector Type":"Name"
           ,"Selector":"EVENTTIME"
          }
         ,"Advanced":{
            "Sequence":3
           ,"Hidden":false
          }
        }
       ,{
          "id":"22823396657954749"
         ,"Identification":{
            "Column Name":"LOCATION"
          }
         ,"Source":{
            "Type":"Data"
           ,"Data Type":"VARCHAR2"
           ,"Maximum Length":128
           ,"Primary Key":false
          }
         ,"Parsing":{
            "Selector Type":"Name"
           ,"Selector":"LOCATION"
          }
         ,"Advanced":{
            "Sequence":4
           ,"Hidden":false
          }
        }
      ]
    }
  }
]
