[
  {
    "id":"22684136810663970"
   ,"Identification":{
      "Name":"Avatar"
    }
  }
 ,{
    "id":"22693058878663977"
   ,"Identification":{
      "Name":"Badge"
    }
  }
 ,{
    "id":"22698918972663981"
   ,"Identification":{
      "Name":"Button"
    }
  }
 ,{
    "id":"22701665562663984"
   ,"Identification":{
      "Name":"Comments"
    }
  }
 ,{
    "id":"22711665715663991"
   ,"Identification":{
      "Name":"Content Row"
    }
  }
 ,{
    "id":"22734033948664006"
   ,"Identification":{
      "Name":"Media List"
    }
  }
 ,{
    "id":"22750732237664017"
   ,"Identification":{
      "Name":"Timeline"
    }
  }
]
